"R","m","logLik","K","AICc","dAICc"
"diagonal and unequal",2,-411.020521349447,35,899.867129655417,0
"diagonal and unequal",1,-427.362616499765,24,906.328836603133,6.46170694771683
"diagonal and equal",2,-429.865855212875,24,911.335314029354,11.4681843739372
"equalvarcov",2,-429.797486180104,25,913.51063501081,13.6435053553935
"unconstrained",2,-320.141766789534,101,922.767908579068,22.9007789236516
"diagonal and equal",1,-450.740267227892,13,928.538673990668,28.6715443352514
"equalvarcov",1,-450.627727948654,14,930.479945693226,30.6128160378097
"unconstrained",1,-345.224863941076,90,931.798042488894,31.9309128334769
