"R","m","logLik","K","AICc","dAICc"
"diagonal and unequal",2,-412.164846992506,35,902.155780941534,0
"diagonal and unequal",1,-428.113102140328,24,907.829807884259,5.67402694272562
"diagonal and equal",2,-431.732126306363,24,915.06785621633,12.9120752747964
"equalvarcov",2,-431.646676944866,25,917.209016540334,15.0532355988
"diagonal and equal",1,-451.666782159791,13,930.391703854466,28.235922912932
"equalvarcov",1,-451.459320584028,14,932.143130963975,29.9873500224412
"unconstrained",2,-325.583028509047,101,933.650432018094,31.4946510765599
"unconstrained",1,-348.413241435555,90,938.174797477851,36.0190165363175
