"R","m","logLik","K","AICc","dAICc"
"diagonal and equal",1,-279.441870165492,12,584.420686143792,0
"equalvarcov",1,-278.820503859341,13,585.442987916701,1.02230177290903
"diagonal and unequal",1,-270.366747433201,22,589.977018182464,5.55633203867228
"unconstrained",1,-178.126605034191,77,597.296688329251,12.8760021854595
