"R","m","logLik","K","AICc","dAICc"
"diagonal and equal",1,-324.90166357286,13,677.358882701276,0
"equalvarcov",1,-324.256951819868,14,678.316478747033,0.957596045756191
"diagonal and unequal",1,-314.393434714628,24,682.168035348539,4.80915264726241
"unconstrained",1,-216.936379268488,90,718.203968728059,40.8450860267825
