"R","m","logLik","K","AICc","dAICc"
"diagonal and unequal",2,-451.462617030251,38,987.369678504946,0
"diagonal and unequal",1,-474.389120832739,26,1004.64601026052,17.2763317555728
"diagonal and equal",2,-479.461773390618,26,1014.79131537628,27.4216368713304
"equalvarcov",2,-479.445352199035,27,1017.06749997818,29.6978214732343
"diagonal and equal",1,-496.872430813196,14,1022.86486162639,35.495183121447
"equalvarcov",1,-496.866164221724,15,1025.01575090334,37.6460723983943
"unconstrained",1,-372.304206580614,104,1029.2399921086,41.8703136036512
"unconstrained",2,-358.712848564074,116,1048.85426855672,61.4845900517743
