"R","m","logLik","K","AICc","dAICc"
"diagonal and unequal",1,-404.596721129002,22,856.406140670703,0
"unconstrained",1,-331.249182418066,77,862.698364836132,6.29222416542871
"diagonal and equal",1,-426.816410322319,12,878.592820644637,22.1866799739344
"equalvarcov",1,-426.770758533179,13,880.664973856482,24.2588331857788
